INSERT INTO
    SanPham (
        ma_san_pham,
        ten_san_pham,
        gia_nhap,
        gia_xuat,
        trong_luong,
        ma_kich_thuoc,
        gioi_tinh,
        so_luong,
        don_vi_tinh,
        trang_thai,
        mo_ta,
        ngay_tao,
        ngay_chinh_sua,
        hinh_anh,
        ma_danh_muc,
        loai_san_pham,
        bo_suu_tap,
        thuong_hieu
    )
VALUES
    -- DANH MUC 2 - LOAI 1
    (
        1,
        'Vòng Tay Pandora Bạc Xoắn Xanh Dương',
        3000000,
        3390000,
        10.40,
        17,
        1,
        30,
        'chiếc',
        1,
        'Thể hiện gu thẩm mỹ tinh tế và độc đáo với Vòng Tay Pandora Bạc Xoắn Xanh Dương. Thiết kế dây xích hộp bạc sterling kết hợp dải màu xanh ngọc lam mang vẻ đẹp hiện đại và phóng khoáng.',
        NOW(),
        NOW(),
        NULL,
        2,
        1,
        11,
        2
    ),
    (
        2,
        'Vòng Bạc Pandora Moments Dây Mềm Khóa Tròn',
        2000000,
        2390000,
        8.40,
        17,
        1,
        40,
        'chiếc',
        1,
        'Khởi đầu câu chuyện Pandora của bạn với vòng Moments dây mềm khóa tròn. Thiết kế tinh giản, lý tưởng để phối cùng các charm yêu thích.',
        NOW(),
        NOW(),
        NULL,
        2,
        1,
        11,
        2
    ),
    -- DANH MUC 2 - LOAI 2
    (
        3,
        'Vòng Tay Khóa Tròn Mạ Vàng 14K Dây Da Màu Đỏ',
        3000000,
        3213000,
        7.50,
        17,
        1,
        20,
        'chiếc',
        1,
        'Vòng tay Pandora dây da màu đỏ kết hợp khóa tròn mạ vàng 14K sang trọng, biểu tượng cho phong cách hiện đại và cá tính.',
        NOW(),
        NOW(),
        NULL,
        2,
        2,
        12,
        2
    ),
    (
        4,
        'Vòng Tay Bạc Khóa Tròn Dây Da Xanh',
        1200000,
        1095000,
        7.20,
        17,
        1,
        30,
        'chiếc',
        1,
        'Vòng tay Pandora bạc 925 với khóa tròn đặc trưng kết hợp dây da xanh thanh lịch, dễ phối đồ.',
        NOW(),
        NOW(),
        NULL,
        2,
        2,
        12,
        2
    ),
    (
        5,
        'Vòng Tay Pandora Dây Da Đôi Khóa Móc Màu Nâu',
        2700000,
        2990000,
        8.00,
        17,
        1,
        15,
        'chiếc',
        1,
        'Vòng tay Pandora dây da đôi màu nâu, khóa móc kim loại chắc chắn, phong cách mạnh mẽ và hiện đại.',
        NOW(),
        NOW(),
        NULL,
        2,
        2,
        12,
        2
    ),
    -- DANH MUC 2 - LOAI 3
    (
        6,
        'Vòng Tay Tennis Bạc Trái Tim Đính Đá Trong Suốt',
        4200000,
        4590000,
        6.80,
        17,
        1,
        20,
        'chiếc',
        1,
        'Vòng tay tennis bạc 925 với chi tiết trái tim đính đá trong suốt, thiết kế nữ tính và thanh lịch.',
        NOW(),
        NOW(),
        NULL,
        2,
        3,
        13,
        2
    ),
    (
        7,
        'Vòng Tay Pandora Timeless Tennis Bạc Đính Đá',
        4300000,
        4590000,
        6.90,
        17,
        1,
        25,
        'chiếc',
        1,
        'Vòng tay Pandora Timeless phong cách tennis với hàng đá zirconia đính đều tinh xảo.',
        NOW(),
        NOW(),
        NULL,
        2,
        3,
        13,
        2
    ),
    (
        8,
        'Vòng Tay Tennis Mạ Vàng Hồng 14K Trái Tim Đính Đá',
        6500000,
        6990000,
        7.10,
        17,
        1,
        15,
        'chiếc',
        1,
        'Vòng tay tennis mạ vàng hồng 14K nổi bật với chi tiết trái tim đính đá sang trọng.',
        NOW(),
        NOW(),
        NULL,
        2,
        3,
        13,
        2
    ),
    (
        9,
        'Vòng Bạc Pandora Mắt Xích Cài',
        2500000,
        2790000,
        8.50,
        17,
        1,
        20,
        'chiếc',
        1,
        'Vòng tay bạc Pandora thiết kế mắt xích bản lớn, khóa cài chắc chắn, phong cách cá tính.',
        NOW(),
        NOW(),
        NULL,
        2,
        3,
        13,
        2
    ),
    (
        10,
        'Vòng Tay Pandora Timeless Khóa Tròn Halo Đính Đá',
        4200000,
        4590000,
        6.70,
        17,
        1,
        20,
        'chiếc',
        1,
        'Vòng tay Pandora Timeless với khóa tròn Halo đính đá lấp lánh, tinh tế và sang trọng.',
        NOW(),
        NOW(),
        NULL,
        2,
        3,
        13,
        2
    ),
    (
        11,
        'Vòng Bạc Pandora Mắt Xích Khóa Trượt Đính Đá',
        2500000,
        2790000,
        8.30,
        17,
        1,
        15,
        'chiếc',
        1,
        'Vòng tay bạc Pandora dạng mắt xích kết hợp khóa trượt đính đá, dễ điều chỉnh kích thước.',
        NOW(),
        NOW(),
        NULL,
        2,
        3,
        13,
        2
    ),
    (
        12,
        'Vòng Kiềng Mạ Vàng 14K Khóa Trái Tim Đan Nhau',
        8000000,
        8690000,
        8.10,
        17,
        1,
        25,
        'chiếc',
        1,
        'Vòng kiềng mạ vàng 14K với khóa trái tim đan nhau, biểu tượng cho sự gắn kết và tình yêu vĩnh cửu.',
        NOW(),
        NOW(),
        NULL,
        2,
        4,
        11,
        2
    ),
    (
        13,
        'Vòng Kiềng Pandora Signature Mạ Vàng Hồng 14K',
        7900000,
        8490000,
        9.90,
        17,
        1,
        20,
        'chiếc',
        1,
        'Vòng kiềng Pandora Signature mạ vàng hồng 14K, thiết kế nửa vuông nửa tròn độc đáo, hoàn thiện thủ công tinh xảo.',
        NOW(),
        NOW(),
        NULL,
        2,
        4,
        12,
        2
    ),
    (
        14,
        'Charm Treo Trái Tim Pandora Moments',
        900000,
        1190000,
        2.10,
        17,
        1,
        50,
        'chiếc',
        1,
        'Charm treo hình trái tim thuộc bộ sưu tập Pandora Moments, nhẹ nhàng và lãng mạn.',
        NOW(),
        NOW(),
        NULL,
        3,
        5,
        11,
        2
    ),
    (
        15,
        'Charm Treo Ngôi Sao Disney',
        950000,
        1290000,
        2.30,
        17,
        1,
        40,
        'chiếc',
        1,
        'Charm treo ngôi sao Disney lấp lánh, mang cảm hứng cổ tích.',
        NOW(),
        NOW(),
        NULL,
        3,
        5,
        6,
        2
    ),
    (
        16,
        'Charm Treo Biểu Tượng Marvel',
        980000,
        1390000,
        2.50,
        17,
        1,
        35,
        'chiếc',
        1,
        'Charm treo biểu tượng Marvel, cá tính và mạnh mẽ.',
        NOW(),
        NOW(),
        NULL,
        3,
        5,
        7,
        2
    ),
    (
        17,
        'Charm Treo Cung Hoàng Đạo Song Ngư',
        920000,
        1250000,
        2.20,
        17,
        1,
        45,
        'chiếc',
        1,
        'Charm treo cung hoàng đạo Song Ngư, tinh tế và mang ý nghĩa cá nhân.',
        NOW(),
        NOW(),
        NULL,
        3,
        5,
        1,
        2
    ),
    -- DANH MUC 3 - LOAI 6 charm bấm
    (
        18,
        'Charm Bấm Pandora Signature',
        1100000,
        1490000,
        3.10,
        17,
        1,
        30,
        'chiếc',
        1,
        'Charm bấm Pandora Signature, giúp cố định charm an toàn và chắc chắn.',
        NOW(),
        NOW(),
        NULL,
        3,
        6,
        12,
        2
    ),
    (
        19,
        'Charm Bấm Trái Tim Unicef',
        1050000,
        1450000,
        3.00,
        17,
        1,
        25,
        'chiếc',
        1,
        'Charm bấm hình trái tim thuộc bộ Unicef x Pandora, mang ý nghĩa nhân văn.',
        NOW(),
        NOW(),
        NULL,
        3,
        6,
        4,
        2
    ),
    (
        20,
        'Charm Bấm Vương Miện',
        1150000,
        1590000,
        3.20,
        17,
        1,
        20,
        'chiếc',
        1,
        'Charm bấm vương miện sang trọng, điểm nhấn quý phái cho vòng charm.',
        NOW(),
        NOW(),
        NULL,
        3,
        6,
        10,
        2
    ),
    (
        21,
        'Charm Bấm Pandora Moments',
        1000000,
        1390000,
        3.00,
        17,
        1,
        35,
        'chiếc',
        1,
        'Charm bấm tròn Pandora Moments, giữ charm ổn định khi sử dụng.',
        NOW(),
        NOW(),
        NULL,
        3,
        6,
        11,
        2
    ),
    (
        22,
        'Charm Thủy Tinh Hoa Sen',
        950000,
        1290000,
        2.40,
        17,
        1,
        40,
        'chiếc',
        1,
        'Charm thủy tinh hoa sen, tôn vinh vẻ đẹp truyền thống Việt.',
        NOW(),
        NOW(),
        NULL,
        3,
        7,
        8,
        2
    ),
    (
        23,
        'Charm Thủy Tinh Lá Cây',
        980000,
        1350000,
        2.60,
        17,
        1,
        35,
        'chiếc',
        1,
        'Charm thủy tinh hình lá cây, phong cách thiên nhiên nhẹ nhàng.',
        NOW(),
        NOW(),
        NULL,
        3,
        7,
        14,
        2
    ),
    (
        24,
        'Charm Thủy Tinh Trăng Sao',
        990000,
        1390000,
        2.70,
        17,
        1,
        30,
        'chiếc',
        1,
        'Charm thủy tinh trăng sao, lung linh và huyền ảo.',
        NOW(),
        NOW(),
        NULL,
        3,
        7,
        9,
        2
    ),
    (
        25,
        'Charm Thủy Tinh Mickey',
        1100000,
        1490000,
        2.80,
        17,
        1,
        25,
        'chiếc',
        1,
        'Charm thủy tinh Mickey Mouse, dễ thương và trẻ trung.',
        NOW(),
        NOW(),
        NULL,
        3,
        7,
        6,
        2
    ),
    (
        26,
        'Charm Đính Đá Game of Thrones',
        1300000,
        1790000,
        3.50,
        17,
        1,
        20,
        'chiếc',
        1,
        'Charm đính đá lấy cảm hứng Game of Thrones, mạnh mẽ và huyền thoại.',
        NOW(),
        NOW(),
        NULL,
        3,
        8,
        5,
        2
    ),
    (
        27,
        'Charm Đính Đá Stranger Things',
        1250000,
        1690000,
        3.40,
        17,
        1,
        20,
        'chiếc',
        1,
        'Charm đính đá Stranger Things, thiết kế độc lạ và cá tính.',
        NOW(),
        NOW(),
        NULL,
        3,
        8,
        3,
        2
    ),
    (
        28,
        'Charm Đính Đá Marvel Limited',
        1350000,
        1890000,
        3.60,
        17,
        1,
        15,
        'chiếc',
        1,
        'Charm đính đá Marvel phiên bản giới hạn, sáng chói và quyền lực.',
        NOW(),
        NOW(),
        NULL,
        3,
        8,
        7,
        2
    ),
    (
        29,
        'Charm Đính Đá Pandora Signature',
        1400000,
        1950000,
        3.80,
        17,
        1,
        15,
        'chiếc',
        1,
        'Charm đính đá Pandora Signature, cao cấp và sang-xịn-mịn.',
        NOW(),
        NOW(),
        NULL,
        3,
        8,
        12,
        2
    ),
    (
        30,
        'Dây Chuyền Bạc Pandora Moments Trái Tim',
        2500000,
        2890000,
        6.50,
        45,
        1,
        25,
        'chiếc',
        1,
        'Dây chuyền bạc Pandora Moments với mặt trái tim tinh tế, biểu tượng của tình yêu và sự gắn kết.',
        NOW(),
        NOW(),
        NULL,
        4,
        9,
        11,
        2
    ),
    (
        31,
        'Dây Chuyền Bạc Pandora Timeless Đính Đá',
        3200000,
        3590000,
        6.80,
        45,
        1,
        20,
        'chiếc',
        1,
        'Dây chuyền bạc thuộc bộ Pandora Timeless, điểm xuyết đá zirconia sang trọng.',
        NOW(),
        NOW(),
        NULL,
        4,
        9,
        13,
        2
    ),
    (
        32,
        'Dây Chuyền Bạc Disney Mickey',
        2800000,
        3190000,
        6.20,
        45,
        1,
        30,
        'chiếc',
        1,
        'Dây chuyền bạc Disney x Pandora với mặt Mickey dễ thương và trẻ trung.',
        NOW(),
        NOW(),
        NULL,
        4,
        9,
        6,
        2
    ),
    (
        33,
        'Dây Chuyền Bạc Cung Hoàng Đạo Xử Nữ',
        2600000,
        2990000,
        6.40,
        45,
        1,
        25,
        'chiếc',
        1,
        'Dây chuyền bạc cung hoàng đạo Xử Nữ thuộc bộ Zodiac Signs, tinh tế và cá tính.',
        NOW(),
        NOW(),
        NULL,
        4,
        9,
        1,
        2
    ),
    (
        34,
        'Dây Chuyền Bạc Pandora Signature Logo O',
        3000000,
        3390000,
        6.90,
        45,
        1,
        20,
        'chiếc',
        1,
        'Dây chuyền bạc Pandora Signature với biểu tượng Crown O tối giản và sang trọng.',
        NOW(),
        NOW(),
        NULL,
        4,
        9,
        12,
        2
    ),
    (
        35,
        'Dây Chuyền Mạ Vàng Pandora Signature',
        4200000,
        4690000,
        7.20,
        45,
        1,
        15,
        'chiếc',
        1,
        'Dây chuyền mạ vàng Pandora Signature mang phong cách hiện đại và cao cấp.',
        NOW(),
        NOW(),
        NULL,
        4,
        10,
        12,
        2
    ),
    (
        36,
        'Dây Chuyền Mạ Vàng Trái Tim Unicef',
        4000000,
        4490000,
        7.10,
        45,
        1,
        15,
        'chiếc',
        1,
        'Dây chuyền mạ vàng thuộc bộ Unicef x Pandora, mang thông điệp nhân văn.',
        NOW(),
        NOW(),
        NULL,
        4,
        10,
        4,
        2
    ),
    (
        37,
        'Dây Chuyền Mạ Vàng Disney Princess',
        3900000,
        4390000,
        7.00,
        45,
        1,
        20,
        'chiếc',
        1,
        'Dây chuyền mạ vàng Disney x Pandora lấy cảm hứng từ các nàng công chúa.',
        NOW(),
        NOW(),
        NULL,
        4,
        10,
        6,
        2
    ),
    (
        38,
        'Dây Chuyền Mạ Vàng Vương Quyền',
        4500000,
        4990000,
        7.50,
        45,
        1,
        10,
        'chiếc',
        1,
        'Dây chuyền mạ vàng thuộc bộ Vương Quyền, thiết kế mạnh mẽ và sang trọng.',
        NOW(),
        NOW(),
        NULL,
        4,
        10,
        10,
        2
    ),
    (
        39,
        'Dây Chuyền Mạ Vàng Thiên Nhiên Lá Cây',
        3800000,
        4290000,
        6.90,
        45,
        1,
        20,
        'chiếc',
        1,
        'Dây chuyền mạ vàng lấy cảm hứng từ thiên nhiên, nhẹ nhàng và tinh tế.',
        NOW(),
        NOW(),
        NULL,
        4,
        10,
        9,
        2
    ),
    (
        40,
        'Dây Chuyền Mạ Vàng Hồng Pandora Signature',
        4600000,
        5190000,
        7.30,
        45,
        1,
        15,
        'chiếc',
        1,
        'Dây chuyền mạ vàng hồng Pandora Signature, gam màu ấm áp và sang trọng.',
        NOW(),
        NOW(),
        NULL,
        4,
        11,
        12,
        2
    ),
    (
        41,
        'Dây Chuyền Mạ Vàng Hồng Tim Halo Timeless',
        4800000,
        5390000,
        7.40,
        45,
        1,
        10,
        'chiếc',
        1,
        'Dây chuyền mạ vàng hồng Timeless với mặt tim Halo đính đá lấp lánh.',
        NOW(),
        NOW(),
        NULL,
        4,
        11,
        13,
        2
    ),
    (
        42,
        'Dây Chuyền Mạ Vàng Hồng Disney Minnie',
        4300000,
        4890000,
        7.10,
        45,
        1,
        20,
        'chiếc',
        1,
        'Dây chuyền mạ vàng hồng Disney x Pandora với mặt Minnie ngọt ngào.',
        NOW(),
        NOW(),
        NULL,
        4,
        11,
        6,
        2
    ),
    (
        43,
        'Dây Chuyền Mạ Vàng Hồng Thiên Nhiên Hoa',
        4100000,
        4590000,
        7.00,
        45,
        1,
        20,
        'chiếc',
        1,
        'Dây chuyền mạ vàng hồng lấy cảm hứng từ hoa lá thiên nhiên.',
        NOW(),
        NOW(),
        NULL,
        4,
        11,
        14,
        2
    ),
    (
        44,
        'Dây Chuyền Mạ Vàng Hồng Pandora Necklace',
        4400000,
        4990000,
        7.20,
        45,
        1,
        15,
        'chiếc',
        1,
        'Dây chuyền mạ vàng hồng thuộc bộ Pandora Necklace, thiết kế thanh lịch và dễ phối.',
        NOW(),
        NOW(),
        NULL,
        4,
        11,
        15,
        2
    ),
    (
        45,
        'Hoa Tai Tròn Bạc Pandora Signature',
        2200000,
        2590000,
        3.20,
        2,
        1,
        30,
        'đôi',
        1,
        'Hoa tai tròn bạc thuộc bộ Pandora Signature, thiết kế tối giản và hiện đại.',
        NOW(),
        NOW(),
        NULL,
        5,
        12,
        12,
        2
    ),
    (
        46,
        'Hoa Tai Tròn Bạc Pandora Signature',
        2400000,
        2790000,
        3.40,
        2,
        1,
        25,
        'đôi',
        1,
        'Hoa tai tròn Disney x Pandora với biểu tượng Mickey dễ thương.',
        NOW(),
        NOW(),
        NULL,
        5,
        12,
        6,
        2
    ),
    (
        47,
        'Hoa Tai Tròn Tim Halo Timeless',
        2600000,
        2990000,
        3.60,
        2,
        1,
        20,
        'đôi',
        1,
        'Hoa tai tròn Timeless với đá halo lấp lánh, sang xịn mịn.',
        NOW(),
        NOW(),
        NULL,
        5,
        12,
        13,
        2
    ),
    (
        48,
        'Hoa Tai Tròn Cung Hoàng Đạo Song Ngư',
        2300000,
        2690000,
        3.30,
        2,
        1,
        20,
        'đôi',
        1,
        'Hoa tai tròn cung Song Ngư thuộc bộ Zodiac Signs, nhẹ nhàng và tinh tế.',
        NOW(),
        NOW(),
        NULL,
        5,
        12,
        1,
        2
    ),
    (
        49,
        'Hoa Tai Tròn Thiên Nhiên Lá',
        2100000,
        2490000,
        3.10,
        2,
        1,
        25,
        'đôi',
        1,
        'Hoa tai tròn lấy cảm hứng từ thiên nhiên, phù hợp phong cách daily.',
        NOW(),
        NOW(),
        NULL,
        5,
        12,
        9,
        2
    ),
    (
        50,
        'Hoa Tai Ngọc Trai Pandora Timeless',
        2800000,
        3290000,
        3.80,
        3,
        1,
        20,
        'đôi',
        1,
        'Hoa tai ngọc trai thuộc bộ Timeless, thanh lịch và nữ tính.',
        NOW(),
        NOW(),
        NULL,
        5,
        13,
        13,
        2
    ),
    (
        51,
        'Hoa Tai Ngọc Trai Mạ Vàng Signature',
        3000000,
        3490000,
        4.00,
        3,
        1,
        15,
        'đôi',
        1,
        'Hoa tai ngọc trai mạ vàng Pandora Signature, sang trọng và tinh tế.',
        NOW(),
        NOW(),
        NULL,
        5,
        13,
        12,
        2
    ),
    (
        52,
        'Hoa Tai Ngọc Trai Disney Princess',
        2900000,
        3390000,
        3.90,
        3,
        1,
        20,
        'đôi',
        1,
        'Hoa tai ngọc trai Disney x Pandora, lấy cảm hứng từ công chúa.',
        NOW(),
        NOW(),
        NULL,
        5,
        13,
        6,
        2
    ),
    (
        53,
        'Hoa Tai Ngọc Trai Thiên Nhiên',
        2700000,
        3190000,
        3.70,
        3,
        1,
        20,
        'đôi',
        1,
        'Hoa tai ngọc trai mang phong cách thiên nhiên, nhẹ nhàng và tinh khôi.',
        NOW(),
        NOW(),
        NULL,
        5,
        13,
        9,
        2
    ),
    (
        54,
        'Hoa Tai Ngọc Trai Vương Quyền',
        3200000,
        3690000,
        4.20,
        3,
        1,
        10,
        'đôi',
        1,
        'Hoa tai ngọc trai thuộc bộ Vương Quyền, phong cách quý phái.',
        NOW(),
        NOW(),
        NULL,
        5,
        13,
        10,
        2
    ),
    (
        55,
        'Hoa Tai Rơi Bạc Pandora Moments',
        2500000,
        2890000,
        4.50,
        4,
        1,
        25,
        'đôi',
        1,
        'Hoa tai rơi bạc Pandora Moments, chuyển động nhẹ nhàng và cuốn hút.',
        NOW(),
        NOW(),
        NULL,
        5,
        14,
        11,
        2
    ),
    (
        56,
        'Hoa Tai Rơi Tim Halo Timeless',
        2900000,
        3390000,
        4.80,
        4,
        1,
        20,
        'đôi',
        1,
        'Hoa tai rơi Timeless với thiết kế halo sang trọng.',
        NOW(),
        NOW(),
        NULL,
        5,
        14,
        13,
        2
    ),
    (
        57,
        'Hoa Tai Rơi Disney Minnie',
        2700000,
        3190000,
        4.60,
        4,
        1,
        20,
        'đôi',
        1,
        'Hoa tai rơi Disney x Pandora với biểu tượng Minnie đáng yêu.',
        NOW(),
        NOW(),
        NULL,
        5,
        14,
        6,
        2
    ),
    (
        58,
        'Hoa Tai Rơi Mạ Vàng Hồng Signature',
        3100000,
        3590000,
        5.00,
        4,
        1,
        15,
        'đôi',
        1,
        'Hoa tai rơi mạ vàng hồng Pandora Signature, tôn da cực xịn.',
        NOW(),
        NOW(),
        NULL,
        5,
        14,
        12,
        2
    ),
    (
        59,
        'Hoa Tai Rơi Thiên Nhiên Hoa',
        2600000,
        3090000,
        4.70,
        4,
        1,
        20,
        'đôi',
        1,
        'Hoa tai rơi lấy cảm hứng từ hoa lá thiên nhiên, nhẹ nhàng và nữ tính.',
        NOW(),
        NOW(),
        NULL,
        5,
        14,
        9,
        2
    ),
    (
        60,
        'Nhẫn Mạ Bạc Pandora Signature',
        1800000,
        2190000,
        2.30,
        7,
        1,
        30,
        'chiếc',
        1,
        'Nhẫn mạ bạc Pandora Signature với thiết kế tối giản và hiện đại.',
        NOW(),
        NOW(),
        NULL,
        6,
        15,
        12,
        2
    ),
    (
        61,
        'Nhẫn Mạ Bạc Tim Halo Timeless',
        2000000,
        2390000,
        2.50,
        7,
        1,
        25,
        'chiếc',
        1,
        'Nhẫn mạ bạc Timeless với điểm nhấn halo tinh xảo.',
        NOW(),
        NOW(),
        NULL,
        6,
        15,
        13,
        2
    ),
    (
        62,
        'Nhẫn Mạ Bạc Cung Hoàng Đạo Bạch Dương',
        1900000,
        2290000,
        2.40,
        7,
        1,
        20,
        'chiếc',
        1,
        'Nhẫn mạ bạc Zodiac Signs dành cho cung Bạch Dương cá tính.',
        NOW(),
        NOW(),
        NULL,
        6,
        15,
        1,
        2
    ),
    (
        63,
        'Nhẫn Mạ Bạc Disney Minnie',
        2100000,
        2490000,
        2.60,
        7,
        1,
        20,
        'chiếc',
        1,
        'Nhẫn mạ bạc Disney x Pandora với biểu tượng Minnie đáng yêu.',
        NOW(),
        NOW(),
        NULL,
        6,
        15,
        6,
        2
    ),
    (
        64,
        'Nhẫn Mạ Bạc Thiên Nhiên Lá',
        1850000,
        2250000,
        2.35,
        7,
        1,
        25,
        'chiếc',
        1,
        'Nhẫn mạ bạc lấy cảm hứng từ thiên nhiên, nhẹ nhàng và tinh tế.',
        NOW(),
        NOW(),
        NULL,
        6,
        15,
        9,
        2
    ),
    (
        65,
        'Nhẫn Mạ Vàng Pandora Signature',
        2400000,
        2890000,
        2.80,
        7,
        1,
        25,
        'chiếc',
        1,
        'Nhẫn mạ vàng Pandora Signature mang phong cách sang trọng.',
        NOW(),
        NOW(),
        NULL,
        6,
        16,
        12,
        2
    ),
    (
        66,
        'Nhẫn Mạ Vàng Tim Timeless',
        2600000,
        3090000,
        3.00,
        7,
        1,
        20,
        'chiếc',
        1,
        'Nhẫn mạ vàng Timeless với biểu tượng trái tim tinh xảo.',
        NOW(),
        NOW(),
        NULL,
        6,
        16,
        13,
        2
    ),
    (
        67,
        'Nhẫn Mạ Vàng Disney Princess',
        2500000,
        2990000,
        2.90,
        7,
        1,
        20,
        'chiếc',
        1,
        'Nhẫn mạ vàng Disney x Pandora lấy cảm hứng từ công chúa.',
        NOW(),
        NOW(),
        NULL,
        6,
        16,
        6,
        2
    ),
    (
        68,
        'Nhẫn Mạ Vàng Vương Quyền',
        2800000,
        3290000,
        3.20,
        7,
        1,
        15,
        'chiếc',
        1,
        'Nhẫn mạ vàng thuộc bộ Vương Quyền, phong cách quyền lực.',
        NOW(),
        NOW(),
        NULL,
        6,
        16,
        10,
        2
    ),
    (
        69,
        'Nhẫn Mạ Vàng Thiên Nhiên Hoa',
        2450000,
        2950000,
        2.85,
        7,
        1,
        20,
        'chiếc',
        1,
        'Nhẫn mạ vàng thiết kế hoa lá thiên nhiên dịu dàng.',
        NOW(),
        NOW(),
        NULL,
        6,
        16,
        9,
        2
    ),
    (
        70,
        'Nhẫn Mạ Vàng Hồng Pandora Signature',
        2600000,
        3090000,
        2.90,
        7,
        1,
        20,
        'chiếc',
        1,
        'Nhẫn mạ vàng hồng Pandora Signature, tôn da và cực trendy.',
        NOW(),
        NOW(),
        NULL,
        6,
        17,
        12,
        2
    ),
    (
        71,
        'Nhẫn Mạ Vàng Hồng Tim Halo Timeless',
        2800000,
        3290000,
        3.10,
        7,
        1,
        20,
        'chiếc',
        1,
        'Nhẫn mạ vàng hồng Timeless với đá halo lấp lánh.',
        NOW(),
        NOW(),
        NULL,
        6,
        17,
        13,
        2
    ),
    (
        72,
        'Nhẫn Mạ Vàng Hồng Disney Minnie',
        2700000,
        3190000,
        3.00,
        7,
        1,
        15,
        'chiếc',
        1,
        'Nhẫn mạ vàng hồng Disney Minnie, dễ thương mà vẫn sang.',
        NOW(),
        NOW(),
        NULL,
        6,
        17,
        6,
        2
    ),
    (
        73,
        'Nhẫn Mạ Vàng Hồng Thiên Nhiên',
        2550000,
        3050000,
        2.95,
        7,
        1,
        20,
        'chiếc',
        1,
        'Nhẫn mạ vàng hồng lấy cảm hứng từ thiên nhiên mềm mại.',
        NOW(),
        NOW(),
        NULL,
        6,
        17,
        9,
        2
    ),
    (
        74,
        'Nhẫn Mạ Vàng Hồng Vương Quyền',
        2900000,
        3390000,
        3.30,
        7,
        1,
        10,
        'chiếc',
        1,
        'Nhẫn mạ vàng hồng Vương Quyền – đeo vô là thấy quyền lực liền.',
        NOW(),
        NOW(),
        NULL,
        6,
        17,
        10,
        2
    );

INSERT INTO
    DanhMuc (
        ma_danh_muc,
        ten_danh_muc,
        mo_ta,
        trang_thai
    )
VALUES (
        1,
        'Trang sức',
        'Các sản phẩm liên quan đến vòng tay, Charms, dây chuyền.',
        1
    ),
    (
        2,
        'Vòng tay',
        'Các sản phẩm liên quan đến vòng tay',
        1
    ),
    (
        3,
        'Charms',
        'Các sản phẩm charms và mặt dây chuyền, vòng tay.',
        1
    ),
    (
        4,
        'Dây chuyền',
        'Các sản phẩm liên quan đến dây chuyền.',
        1
    ),
    (
        5,
        'Hoa tai',
        'Các sản phẩm liên quan đến hoa tai.',
        1
    ),
    (
        6,
        'Nhẫn',
        'Các sản phẩm liên quan đến nhẫn.',
        1
    ),
    (
        7,
        'Quà tặng',
        'Các trang sức liên quan đến quà tặng.',
        1
    );

INSERT INTO
    LoaiSanPham (
        ma_loai_san_pham,
        ten_loai_san_pham,
        ma_danh_muc,
        slug
    )
VALUES (
        1,
        'Vòng tay mềm',
        2,
        'vong-tay-mem'
    ),
    (
        2,
        'Vòng dây da',
        2,
        'vong-day-da'
    ),
    (
        3,
        'Vòng đính đá',
        2,
        'vong-dinh-da'
    ),
    (
        4,
        'Vòng kiềng',
        2,
        'vong-kieng'
    ),
    (
        5,
        'Charm bấm',
        3,
        'charm-bam'
    ),
    (
        6,
        'Charm treo',
        3,
        'charm-treo'
    ),
    (
        7,
        'Charm thủy tinh',
        3,
        'charm-thuy-tinh'
    ),
    (
        8,
        'Charm đính đá',
        3,
        'charm-dinh-da'
    ),
    (
        9,
        'Dây chuyền bạc',
        4,
        'day-chuyen-bac'
    ),
    (
        10,
        'Dây chuyền mạ vàng',
        4,
        'day-chuyen-ma-vang'
    ),
    (
        11,
        'Dây chuyền mạ vàng hồng',
        4,
        'day-chuyen-ma-vang-hong'
    ),
    (
        12,
        'Hoa tai kiểu tròn',
        5,
        'hoa-tai-kieu-tron'
    ),
    (
        13,
        'Hoa tai ngọc trai',
        5,
        'hoa-tai-ngoc-trai'
    ),
    (
        14,
        'Hoa tai kiểu rơi',
        5,
        'hoa-tai-kieu-roi'
    ),
    (
        15,
        'Nhẫn mạ bạc',
        6,
        'nhan-ma-bac'
    ),
    (
        16,
        'Nhẫn mạ vàng',
        6,
        'nhan-ma-vang'
    ),
    (
        17,
        'Nhẫn mạ vàng hồng',
        6,
        'nhan-ma-vang-hong'
    ),
    (
        18,
        'Charms',
        7,
        'qua-tang-charms'
    ),
    (
        19,
        'Vòng tay',
        7,
        'qua-tang-vong-tay'
    ),
    (
        20,
        'Dây chuyền',
        7,
        'qua-tang-day-chuyen'
    ),
    (
        21,
        'Nhẫn',
        7,
        'qua-tang-nhan'
    ),
    (
        22,
        'Hoa tai',
        7,
        'qua-tang-hoa-tai'
    );

INSERT INTO
    ChatLieu (ma_chat_lieu, ten_chat_lieu)
VALUES (1, 'Bạc'),
    (2, 'Mạ vàng 14K'),
    (3, 'Mạ vàng hồng 14K'),
    (4, 'Two-tone'),
    (5, 'Glass');

INSERT INTO
    TaiKhoan (
        ma_tai_khoan,
        ten_tai_khoan,
        mat_khau,
        ho_ten,
        ngay_sinh,
        gioi_tinh,
        so_dien_thoai,
        email,
        dia_chi,
        trang_thai,
        role
    )
VALUES (
        1,
        'admin',
        'admin123',
        'Nguyễn Chiến Thắng',
        '2005-01-01',
        1,
        '0837555958',
        'chienthang@gmail.com',
        'Xã Bình Hiệp, Tỉnh Tây Ninh',
        1,
        1
    ),
    (
        2,
        'kh01',
        'kh002',
        'Châu Kim Xuân',
        '2005-09-10',
        0,
        '0987125436',
        'kimxuan@gmail.com',
        'Phường 11, Thành phố Hồ Chí Minh',
        1,
        0
    ),
    (
        3,
        'kh03',
        'kh003',
        'Nguyễn Thái Nguyên',
        '2005-05-25',
        1,
        '083552957',
        'thainguyen@gmail.com',
        'Phường Kiến Tường, Tỉnh Tây Ninh',
        1,
        0
    ),
    (
        4,
        'kh04',
        'kh004',
        'Trần Thị Bích Ngọc',
        '2003-11-12',
        0,
        '0912345678',
        'bichngoc@gmail.com',
        'Quận 3, TP.HCM',
        1,
        0
    ),
    (
        5,
        'kh05',
        'kh005',
        'Lê Minh Tuấn',
        '2000-07-08',
        1,
        '0987654321',
        'minhtuan@gmail.com',
        'Quận Ninh Kiều, TP. Cần Thơ',
        1,
        0
    ),
    (
        6,
        'kh06',
        'kh006',
        'Phạm Thuỳ Linh',
        '2004-02-20',
        0,
        '0909123456',
        'thuylinh@gmail.com',
        'TP. Thủ Đức, TP.HCM',
        1,
        0
    ),
    (
        7,
        'kh07',
        'kh007',
        'Võ Quốc Huy',
        '1999-09-15',
        1,
        '0978123456',
        'quochuy@gmail.com',
        'TP. Biên Hoà, Đồng Nai',
        1,
        0
    ),
    (
        8,
        'kh08',
        'kh008',
        'Nguyễn Mỹ Duyên',
        '2001-06-30',
        0,
        '0845123789',
        'myduyen@gmail.com',
        'TP. Mỹ Tho, Tiền Giang',
        1,
        0
    ),
    (
        9,
        'kh09',
        'kh009',
        'Đặng Hoàng Phúc',
        '2002-01-05',
        1,
        '0934567890',
        'hoangphuc@gmail.com',
        'Quận Hải Châu, Đà Nẵng',
        1,
        0
    ),
    (
        10,
        'kh10',
        'kh010',
        'Huỳnh Ngọc Trâm',
        '2005-10-18',
        0,
        '0856789123',
        'ngoctram@gmail.com',
        'TP. Bến Tre, Bến Tre',
        1,
        0
    ),
    (
        11,
        'kh11',
        'kh011',
        'Trương Gia Bảo',
        '1998-12-22',
        1,
        '0812345987',
        'giabao@gmail.com',
        'TP. Long Xuyên, An Giang',
        1,
        0
    ),
    (
        12,
        'kh12',
        'kh012',
        'Nguyễn Thanh Hằng',
        '2003-04-09',
        0,
        '0823456798',
        'thanhhang@gmail.com',
        'Quận Bình Thạnh, TP.HCM',
        1,
        0
    );

INSERT INTO
    DanhGia (
        ma_danh_gia,
        ma_san_pham,
        nguoi_danh_gia,
        noi_dung,
        ngay_tao,
        ngay_chinh_sua,
        trang_thai
    )
VALUES
    -- Sản phẩm 1
    (
        1,
        1,
        3,
        'Sản phẩm đẹp, đóng gói kỹ',
        NOW(),
        NOW(),
        1
    ),
    (
        2,
        1,
        4,
        'Dùng ổn, đúng mô tả',
        NOW(),
        NOW(),
        1
    ),
    (
        3,
        1,
        5,
        'Giá hợp lý, sẽ mua lại',
        NOW(),
        NOW(),
        1
    ),

-- Sản phẩm 2
(
    4,
    2,
    6,
    'Chất lượng tốt trong tầm giá',
    NOW(),
    NOW(),
    1
),
(
    5,
    2,
    7,
    'Giao hàng nhanh',
    NOW(),
    NOW(),
    1
),
(
    6,
    2,
    8,
    'Nhìn chung là ổn',
    NOW(),
    NOW(),
    1
),

-- Sản phẩm 3
(
    7,
    3,
    9,
    'Sản phẩm đúng như hình',
    NOW(),
    NOW(),
    1
),
(
    8,
    3,
    10,
    'Xài ok, không có gì chê',
    NOW(),
    NOW(),
    1
),
(
    9,
    3,
    11,
    'Chất lượng khá tốt',
    NOW(),
    NOW(),
    1
),

-- Sản phẩm 4
(
    10,
    4,
    12,
    'Màu sắc đẹp',
    NOW(),
    NOW(),
    1
),
(
    11,
    4,
    3,
    'Cầm chắc tay',
    NOW(),
    NOW(),
    1
),
(
    12,
    4,
    4,
    'Đáng tiền',
    NOW(),
    NOW(),
    1
),

-- Sản phẩm 5
(
    13,
    5,
    5,
    'Sản phẩm dùng ổn',
    NOW(),
    NOW(),
    1
),
(
    14,
    5,
    6,
    'Đóng gói cẩn thận',
    NOW(),
    NOW(),
    1
),
(
    15,
    5,
    7,
    'Sẽ ủng hộ thêm',
    NOW(),
    NOW(),
    1
),

-- Sản phẩm 6
(
    16,
    6,
    8,
    'Chất liệu tốt',
    NOW(),
    NOW(),
    1
),
(
    17,
    6,
    9,
    'Không bị lỗi',
    NOW(),
    NOW(),
    1
),
(
    18,
    6,
    10,
    'Giá ok',
    NOW(),
    NOW(),
    1
),

-- Sản phẩm 7
(
    19,
    7,
    11,
    'Dùng rất ổn',
    NOW(),
    NOW(),
    1
),
(
    20,
    7,
    12,
    'Hài lòng',
    NOW(),
    NOW(),
    1
),
(
    21,
    7,
    3,
    'Sản phẩm đúng mô tả',
    NOW(),
    NOW(),
    1
),

-- Sản phẩm 8
(
    22,
    8,
    4,
    'Chất lượng khá',
    NOW(),
    NOW(),
    1
),
(
    23,
    8,
    5,
    'Giao hàng nhanh',
    NOW(),
    NOW(),
    1
),
(
    24,
    8,
    6,
    'Ổn áp',
    NOW(),
    NOW(),
    1
),

-- Sản phẩm 9
(
    25,
    9,
    7,
    'Đáng mua',
    NOW(),
    NOW(),
    1
),
(
    26,
    9,
    8,
    'Sản phẩm tốt',
    NOW(),
    NOW(),
    1
),
(
    27,
    9,
    9,
    'Không có gì phàn nàn',
    NOW(),
    NOW(),
    1
),

-- Sản phẩm 10
(
    28,
    10,
    10,
    'Mẫu mã đẹp',
    NOW(),
    NOW(),
    1
),
(
    29,
    10,
    11,
    'Chất lượng ổn',
    NOW(),
    NOW(),
    1
),
(
    30,
    10,
    12,
    'Sẽ giới thiệu bạn bè',
    NOW(),
    NOW(),
    1
),

-- Sản phẩm 11
(
    31,
    11,
    3,
    'Dùng ổn định',
    NOW(),
    NOW(),
    1
),
(
    32,
    11,
    4,
    'Khá hài lòng',
    NOW(),
    NOW(),
    1
),
(
    33,
    11,
    5,
    'Ổn trong tầm giá',
    NOW(),
    NOW(),
    1
),

-- Sản phẩm 12
(
    34,
    12,
    6,
    'Sản phẩm tốt',
    NOW(),
    NOW(),
    1
),
(
    35,
    12,
    7,
    'Không lỗi',
    NOW(),
    NOW(),
    1
),
(
    36,
    12,
    8,
    'Đúng như mô tả',
    NOW(),
    NOW(),
    1
),

-- Sản phẩm 13
(
    37,
    13,
    9,
    'Dùng lâu vẫn ok',
    NOW(),
    NOW(),
    1
),
(
    38,
    13,
    10,
    'Chất lượng ổn',
    NOW(),
    NOW(),
    1
),
(
    39,
    13,
    11,
    'Sẽ mua lại',
    NOW(),
    NOW(),
    1
),

-- Sản phẩm 14
(
    40,
    14,
    12,
    'Thiết kế đẹp',
    NOW(),
    NOW(),
    1
),
(
    41,
    14,
    3,
    'Cảm giác dùng tốt',
    NOW(),
    NOW(),
    1
),
(
    42,
    14,
    4,
    'Giá hợp lý',
    NOW(),
    NOW(),
    1
),

-- Sản phẩm 15
(
    43,
    15,
    5,
    'Không có lỗi',
    NOW(),
    NOW(),
    1
),
(
    44,
    15,
    6,
    'Sản phẩm ổn',
    NOW(),
    NOW(),
    1
),
(
    45,
    15,
    7,
    'Hài lòng',
    NOW(),
    NOW(),
    1
),

-- Sản phẩm 16
(
    46,
    16,
    8,
    'Dùng rất ok',
    NOW(),
    NOW(),
    1
),
(
    47,
    16,
    9,
    'Chất lượng tốt',
    NOW(),
    NOW(),
    1
),
(
    48,
    16,
    10,
    'Ổn áp',
    NOW(),
    NOW(),
    1
),

-- Sản phẩm 17
(
    49,
    17,
    11,
    'Mua về dùng thấy ổn',
    NOW(),
    NOW(),
    1
),
(
    50,
    17,
    12,
    'Không thất vọng',
    NOW(),
    NOW(),
    1
),
(
    51,
    17,
    3,
    'Đáng tiền',
    NOW(),
    NOW(),
    1
),

-- Sản phẩm 18
(
    52,
    18,
    4,
    'Dùng tốt',
    NOW(),
    NOW(),
    1
),
(
    53,
    18,
    5,
    'Sản phẩm ổn',
    NOW(),
    NOW(),
    1
),
(
    54,
    18,
    6,
    'Chất lượng khá',
    NOW(),
    NOW(),
    1
),

-- Sản phẩm 19
(
    55,
    19,
    7,
    'Không lỗi vặt',
    NOW(),
    NOW(),
    1
),
(
    56,
    19,
    8,
    'Giao hàng nhanh',
    NOW(),
    NOW(),
    1
),
(
    57,
    19,
    9,
    'Ok trong tầm giá',
    NOW(),
    NOW(),
    1
),

-- Sản phẩm 20
(
    58,
    20,
    10,
    'Sản phẩm tốt',
    NOW(),
    NOW(),
    1
),
(
    59,
    20,
    11,
    'Hài lòng',
    NOW(),
    NOW(),
    1
),
(
    60,
    20,
    12,
    'Sẽ ủng hộ thêm',
    NOW(),
    NOW(),
    1
);

INSERT INTO
    ThuongHieu (
        ma_thuong_hieu,
        ten_thuong_hieu,
        so_dien_thoai,
        email,
        dia_chi
    )
VALUES (
        1,
        'Pandora Global',
        '+45 3672 0044',
        'info@pandora.net',
        'Havneholmen 17-19, 1561 Copenhagen V, Đan Mạch'
    ),
    (
        2,
        'Pandora Vietnam',
        '028 7300 6699',
        'cs@pandora.vn',
        'Tầng 15, Tòa nhà Vincom Center, TP. Hồ Chí Minh'
    ),
    (
        3,
        'Pandora Manufacturing Thailand',
        NULL,
        'manufacturing@pandora.net',
        'Bangkok, Thái Lan'
    ),
    (
        4,
        'Pandora Italy Design',
        NULL,
        'design@pandora.net',
        'Milan, Ý'
    ),
    (
        5,
        'Pandora Distribution Asia',
        NULL,
        'asia@pandora.net',
        'Singapore'
    ),
    (
        6,
        'Pandora Retail & Franchise',
        NULL,
        'retail@pandora.net',
        'Khu vực Châu Á – Thái Bình Dương'
    );

INSERT INTO
    BoSuuTap (
        ma_bo_suu_tap,
        ten_bo_suu_tap,
        mo_ta,
        trang_thai
    )
VALUES (
        1,
        'Zodiac Signs',
        'Trang sức lấy cảm hứng từ 12 cung hoàng đạo, thể hiện cá tính và dấu ấn riêng.',
        1
    ),
    (
        2,
        'Bảng Chữ Cái',
        'Charm chữ cái tinh tế, hoàn hảo để cá nhân hóa theo tên và thông điệp.',
        1
    ),
    (
        3,
        'Stranger Things x Pandora',
        'Thiết kế độc đáo lấy cảm hứng từ series Stranger Things đình đám.',
        1
    ),
    (
        4,
        'Unicef x Pandora',
        'Trang sức mang thông điệp nhân văn, kết hợp vẻ đẹp tối giản và ý nghĩa.',
        1
    ),
    (
        5,
        'Game of Thrones x Pandora',
        'Thiết kế mạnh mẽ, lấy cảm hứng từ thế giới huyền thoại Game of Thrones.',
        1
    ),
    (
        6,
        'Disney x Pandora',
        'Trang sức ngọt ngào tái hiện các nhân vật Disney kinh điển.',
        1
    ),
    (
        7,
        'Marvel x Pandora',
        'Phong cách cá tính, dành cho fan siêu anh hùng Marvel.',
        1
    ),
    (
        8,
        'Tự Hào Việt Nam',
        'Trang sức hiện đại tôn vinh bản sắc và tinh thần Việt.',
        1
    ),
    (
        9,
        'Thiên nhiên và vũ trụ',
        'Thiết kế lấy cảm hứng từ thiên nhiên và những vì sao.',
        1
    ),
    (
        10,
        'Vương Quyền',
        'Trang sức mang phong cách quyền lực, sang trọng và cuốn hút.',
        1
    ),
    (
        11,
        'Pandora Moments',
        'Trang sức quý phái, lịch lãm, sang trọng',
        1
    ),
    (
        12,
        'Pandora Signature',
        'Trang sức phong cách, cá tính, sang trọng',
        1
    ),
    (
        13,
        'Pandora Timeless',
        'Trang sức phong cách cổ điển, tinh tế, đính đá sang trọng.',
        1
    ),
    (
        14,
        'Pandora Nature',
        'Charm lấy cảm hứng từ thiên nhiên, hoa lá và động vật.',
        1
    ),
    (
        15,
        'Pandora Necklace',
        'Bộ sưu tập dây chuyền Pandora thanh lịch và hiện đại.',
        1
    );

INSERT INTO
    KichThuocSanPham (
        ma_kich_thuoc_san_pham,
        ma_san_pham,
        ten_kich_thuoc,
        so_luong
    )
VALUES
    -- SAN PHAM 1 VÒNG
    (1, 1, '16', 6),
    (2, 1, '17', 10),
    (3, 1, '18', 8),
    (4, 1, '19', 4),
    (5, 2, '17', 8),
    (6, 2, '18', 12),
    (7, 2, '19', 9),
    (8, 2, '20', 5),
    (9, 3, '16', 5),
    (10, 3, '17', 8),
    (11, 3, '18', 6),
    (12, 3, '19', 4),
    (13, 4, '16', 7),
    (14, 4, '17', 11),
    (15, 4, '18', 9),
    (16, 4, '19', 5),
    (17, 5, '17', 4),
    (18, 5, '18', 7),
    (19, 5, '19', 6),
    (20, 5, '20', 3),
    (21, 6, '16', 6),
    (22, 6, '17', 9),
    (23, 6, '18', 7),
    (24, 6, '19', 4),
    (25, 7, '16', 5),
    (26, 7, '17', 8),
    (27, 7, '18', 6),
    (28, 7, '19', 4),
    (29, 8, '16', 4),
    (30, 8, '17', 7),
    (31, 8, '18', 5),
    (32, 8, '19', 3),
    (33, 9, '17', 6),
    (34, 9, '18', 9),
    (35, 9, '19', 7),
    (36, 9, '20', 4),
    (37, 10, '16', 6),
    (38, 10, '17', 9),
    (39, 10, '18', 7),
    (40, 10, '19', 4),
    (41, 11, '17', 5),
    (42, 11, '18', 8),
    (43, 11, '19', 6),
    (44, 11, '20', 3),
    (45, 12, '16', 7),
    (46, 12, '17', 11),
    (47, 12, '18', 9),
    (48, 12, '19', 5),
    (49, 13, '15', 6),
    (50, 13, '16', 10),
    (51, 13, '17', 8),
    (52, 13, '18', 5),
    (53, 14, 15, 12),
    (54, 14, 16, 13),
    (55, 14, 17, 15),
    (56, 14, 18, 10),
    (57, 15, 15, 10),
    (58, 15, 16, 12),
    (59, 15, 17, 10),
    (60, 15, 18, 8),
    (61, 16, 15, 9),
    (62, 16, 16, 10),
    (63, 16, 17, 8),
    (64, 16, 18, 8),
    (65, 17, 15, 12),
    (66, 17, 16, 11),
    (67, 17, 17, 12),
    (68, 17, 18, 10),
    (69, 18, 15, 8),
    (70, 18, 16, 7),
    (71, 18, 17, 8),
    (72, 18, 18, 7),
    (73, 19, 15, 6),
    (74, 19, 16, 7),
    (75, 19, 17, 6),
    (76, 19, 18, 6),
    (77, 20, 15, 5),
    (78, 20, 16, 5),
    (79, 20, 17, 5),
    (80, 20, 18, 5),
    (81, 21, 15, 9),
    (82, 21, 16, 9),
    (83, 21, 17, 10),
    (84, 21, 18, 7),
    (85, 22, 15, 10),
    (86, 22, 16, 10),
    (87, 22, 17, 10),
    (88, 22, 18, 10),
    (89, 23, 15, 9),
    (90, 23, 16, 8),
    (91, 23, 17, 9),
    (92, 23, 18, 9),
    (93, 24, 15, 8),
    (94, 24, 16, 7),
    (95, 24, 17, 8),
    (96, 24, 18, 7),
    (97, 25, 15, 6),
    (98, 25, 16, 7),
    (99, 25, 17, 6),
    (100, 25, 18, 6),
    (101, 26, 15, 5),
    (102, 26, 16, 5),
    (103, 26, 17, 5),
    (104, 26, 18, 5),
    (105, 27, 15, 5),
    (106, 27, 16, 5),
    (107, 27, 17, 5),
    (108, 27, 18, 5),
    (109, 28, 15, 4),
    (110, 28, 16, 4),
    (111, 28, 17, 4),
    (112, 28, 18, 3),
    (113, 29, 15, 4),
    (114, 29, 16, 4),
    (115, 29, 17, 4),
    (116, 29, 18, 3),

-- SP 30 DÂY CHUYỀN
(117, 30, 45, 6),
(118, 30, 46, 7),
(119, 30, 47, 6),
(120, 30, 48, 6),

-- SP 31
(121, 31, 45, 5),
(122, 31, 46, 5),
(123, 31, 47, 5),
(124, 31, 48, 5),

-- SP 32
(125, 32, 45, 8),
(126, 32, 46, 7),
(127, 32, 47, 8),
(128, 32, 48, 7),

-- SP 33
(129, 33, 45, 6),
(130, 33, 46, 6),
(131, 33, 47, 7),
(132, 33, 48, 6),

-- SP 34
(133, 34, 45, 5),
(134, 34, 46, 5),
(135, 34, 47, 5),
(136, 34, 48, 5),

-- SP 35
(137, 35, 45, 4),
(138, 35, 46, 4),
(139, 35, 47, 4),
(140, 35, 48, 3),

-- SP 36
(141, 36, 45, 4),
(142, 36, 46, 4),
(143, 36, 47, 4),
(144, 36, 48, 3),

-- SP 37
(145, 37, 45, 5),
(146, 37, 46, 5),
(147, 37, 47, 5),
(148, 37, 48, 5),

-- SP 38
(149, 38, 45, 3),
(150, 38, 46, 3),
(151, 38, 47, 2),
(152, 38, 48, 2),

-- SP 39
(153, 39, 45, 5),
(154, 39, 46, 5),
(155, 39, 47, 5),
(156, 39, 48, 5),

-- SP 40
(157, 40, 45, 4),
(158, 40, 46, 4),
(159, 40, 47, 4),
(160, 40, 48, 3),

-- SP 41
(161, 41, 45, 3),
(162, 41, 46, 3),
(163, 41, 47, 2),
(164, 41, 48, 2),

-- SP 42
(165, 42, 45, 5),
(166, 42, 46, 5),
(167, 42, 47, 5),
(168, 42, 48, 5),

-- SP 43
(169, 43, 45, 5),
(170, 43, 46, 5),
(171, 43, 47, 5),
(172, 43, 48, 5),

-- SP 44
(173, 44, 45, 4),
(174, 44, 46, 4),
(175, 44, 47, 4),
(176, 44, 48, 3),

-- SP 45 HOA TAI
(177, 45, 2, 8), (178, 45, 3, 8), (179, 45, 4, 7), (180, 45, 5, 7),

-- SP 46
(181, 46, 2, 6), (182, 46, 3, 6), (183, 46, 4, 7), (184, 46, 5, 6),

-- SP 47
(185, 47, 2, 5), (186, 47, 3, 5), (187, 47, 4, 5), (188, 47, 5, 5),

-- SP 48
(189, 48, 2, 5), (190, 48, 3, 5), (191, 48, 4, 5), (192, 48, 5, 5),

-- SP 49
(193, 49, 2, 6), (194, 49, 3, 6), (195, 49, 4, 6), (196, 49, 5, 5),

-- SP 50
(197, 50, 2, 5), (198, 50, 3, 5), (199, 50, 4, 5), (200, 50, 5, 5),

-- SP 51
(201, 51, 2, 4), (202, 51, 3, 4), (203, 51, 4, 4), (204, 51, 5, 3),

-- SP 52
(205, 52, 2, 5), (206, 52, 3, 5), (207, 52, 4, 5), (208, 52, 5, 5),

-- SP 53
(209, 53, 2, 5), (210, 53, 3, 5), (211, 53, 4, 5), (212, 53, 5, 5),

-- SP 54
(213, 54, 2, 3), (214, 54, 3, 3), (215, 54, 4, 2), (216, 54, 5, 2),

-- SP 55
(217, 55, 2, 6), (218, 55, 3, 6), (219, 55, 4, 7), (220, 55, 5, 6),

-- SP 56
(221, 56, 2, 5), (222, 56, 3, 5), (223, 56, 4, 5), (224, 56, 5, 5),

-- SP 57
(225, 57, 2, 5), (226, 57, 3, 5), (227, 57, 4, 5), (228, 57, 5, 5),

-- SP 58
(229, 58, 2, 4), (230, 58, 3, 4), (231, 58, 4, 4), (232, 58, 5, 3),

-- SP 59
(233, 59, 2, 5), (234, 59, 3, 5), (235, 59, 4, 5), (236, 59, 5, 5),

-- SP 60 NHẪN
(237, 60, 7, 8), (238, 60, 8, 8), (239, 60, 9, 7), (240, 60, 10, 7),

-- SP 61
(241, 61, 7, 7), (242, 61, 8, 6), (243, 61, 9, 6), (244, 61, 10, 6),

-- SP 62
(245, 62, 7, 5), (246, 62, 8, 5), (247, 62, 9, 5), (248, 62, 10, 5),

-- SP 63
(249, 63, 7, 5), (250, 63, 8, 5), (251, 63, 9, 5), (252, 63, 10, 5),

-- SP 64
(253, 64, 7, 7), (254, 64, 8, 6), (255, 64, 9, 6), (256, 64, 10, 6),

-- SP 65
(257, 65, 7, 6), (258, 65, 8, 7), (259, 65, 9, 6), (260, 65, 10, 6),

-- SP 66
(261, 66, 7, 5), (262, 66, 8, 5), (263, 66, 9, 5), (264, 66, 10, 5),

-- SP 67
(265, 67, 7, 5), (266, 67, 8, 5), (267, 67, 9, 5), (268, 67, 10, 5),

-- SP 68
(269, 68, 7, 4), (270, 68, 8, 4), (271, 68, 9, 4), (272, 68, 10, 3),

-- SP 69
(273, 69, 7, 5), (274, 69, 8, 5), (275, 69, 9, 5), (276, 69, 10, 5),

-- SP 70
(277, 70, 7, 5), (278, 70, 8, 5), (279, 70, 9, 5), (280, 70, 10, 5),

-- SP 71
(281, 71, 7, 5), (282, 71, 8, 5), (283, 71, 9, 5), (284, 71, 10, 5),

-- SP 72
(285, 72, 7, 4), (286, 72, 8, 4), (287, 72, 9, 4), (288, 72, 10, 3),

-- SP 73
(289, 73, 7, 5), (290, 73, 8, 5), (291, 73, 9, 5), (292, 73, 10, 5),

-- SP 74
(293, 74, 7, 3), (294, 74, 8, 3), (295, 74, 9, 2), (296, 74, 10, 2);